-- phpMyAdmin SQL Dump
-- version 4.9.5
-- https://www.phpmyadmin.net/
--
-- Host: localhost:3306
-- Generation Time: Jul 05, 2025 at 08:46 AM
-- Server version: 10.6.16-MariaDB-cll-lve
-- PHP Version: 7.4.33

SET SQL_MODE = "NO_AUTO_VALUE_ON_ZERO";
SET AUTOCOMMIT = 0;
START TRANSACTION;
SET time_zone = "+00:00";


/*!40101 SET @OLD_CHARACTER_SET_CLIENT=@@CHARACTER_SET_CLIENT */;
/*!40101 SET @OLD_CHARACTER_SET_RESULTS=@@CHARACTER_SET_RESULTS */;
/*!40101 SET @OLD_COLLATION_CONNECTION=@@COLLATION_CONNECTION */;
/*!40101 SET NAMES utf8mb4 */;

--
-- Database: `nyvjzrsb_shopmgmt`
--

-- --------------------------------------------------------

--
-- Table structure for table `bank_deposits`
--

CREATE TABLE `bank_deposits` (
  `id` int(11) NOT NULL,
  `user_id` int(11) NOT NULL,
  `organization_id` int(11) NOT NULL,
  `bank_name` enum('CBE','Awash','Dashen','Abyssinia','Birhan','Telebirr') NOT NULL,
  `account_number` varchar(50) DEFAULT NULL,
  `amount` decimal(10,2) NOT NULL,
  `deposit_date` date NOT NULL,
  `reference_number` varchar(50) DEFAULT NULL,
  `comment` text DEFAULT NULL,
  `created_at` timestamp NOT NULL DEFAULT current_timestamp()
) ENGINE=InnoDB DEFAULT CHARSET=utf8mb4 COLLATE=utf8mb4_unicode_ci;

--
-- Dumping data for table `bank_deposits`
--

INSERT INTO `bank_deposits` (`id`, `user_id`, `organization_id`, `bank_name`, `account_number`, `amount`, `deposit_date`, `reference_number`, `comment`, `created_at`) VALUES
(1, 1, 1, 'Awash', '29', '50000.00', '2025-07-02', '', '', '2025-07-02 12:57:28');

-- --------------------------------------------------------

--
-- Table structure for table `organizations`
--

CREATE TABLE `organizations` (
  `id` int(11) NOT NULL,
  `name` varchar(255) NOT NULL,
  `created_at` timestamp NULL DEFAULT current_timestamp(),
  `owner_user_id` int(11) DEFAULT NULL
) ENGINE=InnoDB DEFAULT CHARSET=utf8mb4 COLLATE=utf8mb4_unicode_ci;

--
-- Dumping data for table `organizations`
--

INSERT INTO `organizations` (`id`, `name`, `created_at`, `owner_user_id`) VALUES
(1, 'Betse Spare Parts', '2025-06-10 13:10:12', 1),
(2, 'habte_coca', '2025-06-23 14:40:38', 5);

-- --------------------------------------------------------

--
-- Table structure for table `products`
--

CREATE TABLE `products` (
  `id` int(11) NOT NULL,
  `name` varchar(100) NOT NULL,
  `description` mediumtext DEFAULT NULL,
  `category` varchar(50) DEFAULT NULL,
  `import_price` decimal(10,2) NOT NULL,
  `selling_price` decimal(10,2) NOT NULL,
  `organization_id` int(11) NOT NULL,
  `created_at` timestamp NULL DEFAULT current_timestamp(),
  `updated_at` timestamp NULL DEFAULT NULL ON UPDATE current_timestamp()
) ENGINE=InnoDB DEFAULT CHARSET=utf8mb4 COLLATE=utf8mb4_unicode_ci;

--
-- Dumping data for table `products`
--

INSERT INTO `products` (`id`, `name`, `description`, `category`, `import_price`, `selling_price`, `organization_id`, `created_at`, `updated_at`) VALUES
(11, 'Battery 60Am', 'Gs', 'battery', '11000.50', '11500.00', 1, '2025-06-14 14:50:54', '2025-07-05 10:05:19'),
(12, 'Battery 90Am', 'Gs', 'battery', '15500.00', '16000.00', 1, '2025-06-14 14:51:51', '2025-06-18 11:55:46'),
(13, 'Battery 35Am', 'Kontem', 'battery', '7000.00', '7700.00', 1, '2025-06-14 14:53:33', '2025-06-18 11:55:46'),
(14, 'Battery 150Am', 'Gs', 'battery', '28000.00', '30000.00', 1, '2025-06-14 18:31:09', '2025-06-21 10:49:41'),
(16, '11×90 compu', 'Turk', 'balstera', '2400.00', '2600.00', 1, '2025-06-14 18:47:36', '2025-06-18 11:55:46'),
(17, '11×80 compu', 'Turk', 'balstera', '2300.00', '2500.00', 1, '2025-06-14 18:48:44', '2025-06-18 11:55:46'),
(18, '11×70 comput', 'Turk', 'balstera', '2100.00', '2300.00', 1, '2025-06-14 18:50:07', '2025-06-18 11:55:46'),
(19, 'Fsr የፊት ብሪማ comput', 'COMP+ANEX', 'balstera', '4300.00', '4500.00', 1, '2025-06-14 18:52:45', '2025-06-28 21:30:43'),
(20, 'Fsr የፊት ሰኮንዶ comput', '2copn&1Anx', 'balstera', '4000.00', '4300.00', 1, '2025-06-14 18:54:38', '2025-06-26 21:51:11'),
(21, '11×130 comp 22ቀደደ', 'Anex', 'balstera', '3300.00', '3500.00', 1, '2025-06-14 18:57:35', '2025-06-26 20:07:03'),
(22, '11×120 compu 22ቀደደ', 'turk', 'balstera', '2950.00', '3300.00', 1, '2025-06-14 19:01:18', '2025-06-24 17:25:57'),
(23, '11×110 comp 22ቀደደ', 'turk', 'balstera', '3000.00', '3200.00', 1, '2025-06-14 19:03:50', '2025-06-24 17:28:23'),
(24, '11×100 comp 22ቀደደ', 'turk', 'balstera', '2800.00', '3000.00', 1, '2025-06-14 19:06:19', '2025-06-24 17:40:16'),
(25, '11×90 compu 22ቀደደ', 'Compu', 'balstera', '2600.00', '2900.00', 1, '2025-06-14 19:08:07', '2025-06-26 20:11:44'),
(26, '11×130 compu', 'Turk', 'balstera', '3000.00', '3400.00', 1, '2025-06-14 19:14:49', '2025-06-24 17:44:50'),
(27, '11×120 compu', 'Turk', 'balstera', '2900.00', '3300.00', 1, '2025-06-14 19:17:02', '2025-06-24 17:45:48'),
(28, '11×110 comp', 'Turk', 'balstera', '2800.00', '3200.00', 1, '2025-06-14 19:18:36', '2025-06-24 17:47:19'),
(29, '10×120 comp', 'Turk', 'balstera', '3100.00', '3300.00', 1, '2025-06-14 19:21:15', '2025-06-28 19:01:19'),
(30, '10×110 compu', 'Turk', 'balstera', '3000.00', '3200.00', 1, '2025-06-15 14:07:58', '2025-06-28 19:03:19'),
(31, 'Obam ብሪማ compu', 'Comp', 'balstera', '4200.00', '4400.00', 1, '2025-06-15 14:09:17', '2025-06-30 17:29:14'),
(32, 'Obam ሰኮንዶ compu', 'computer', 'balstera', '3200.00', '3500.00', 1, '2025-06-15 14:20:25', '2025-06-27 13:14:52'),
(33, 'Fsr የሆላ ብሪማ compu', 'Turk', 'balstera', '4200.00', '4400.00', 1, '2025-06-15 14:34:38', '2025-06-24 17:50:23'),
(34, 'Fsr የሆላ ሰኮንዶ compu', 'turk', 'balstera', '3900.00', '4200.00', 1, '2025-06-15 14:37:18', '2025-06-24 17:52:04'),
(35, '11×100 Dubai', 'Japan', 'balstera', '2700.00', '2800.00', 1, '2025-06-15 14:56:23', '2025-06-26 20:36:12'),
(36, '11×90 Dubai', 'Bronz', 'balstera', '2400.00', '2600.00', 1, '2025-06-15 14:59:04', '2025-06-26 20:37:33'),
(37, '11×80 Dubai', 'Jp', 'balstera', '2200.00', '2400.00', 1, '2025-06-15 15:02:41', '2025-06-26 20:39:51'),
(38, '11×70 Dubai', 'Jp', 'balstera', '1900.00', '2100.00', 1, '2025-06-15 15:06:13', '2025-06-24 18:00:25'),
(39, 'Fsr የፊት ብሪማ Dubai ', 'Jap+bronz', 'balstera', '4000.00', '4200.00', 1, '2025-06-15 15:10:27', '2025-06-28 21:29:23'),
(43, 'Fsr የፊት ሰኮንዶ Dubai', 'japa+Bronz', 'balstera', '3900.00', '4200.00', 1, '2025-06-15 15:37:38', '2025-06-28 21:36:44'),
(44, 'Fsr የሆላ ብሪማ (bronz)', 'Bronz', 'balstera', '4100.00', '4400.00', 1, '2025-06-16 14:55:39', '2025-06-26 20:52:56'),
(45, 'Fsr የሆላ ሰኮንዶ duba', 'Bronz', 'balstera', '3900.00', '4100.00', 1, '2025-06-16 21:22:15', '2025-06-24 18:18:14'),
(46, '11×130 duba 22ቀደደ', 'Bronz', 'balstera', '3100.00', '3300.00', 1, '2025-06-16 21:24:36', '2025-06-26 21:00:00'),
(47, '11×130 dubai 19ቀደደ', 'japn', 'balstera', '3100.00', '3300.00', 1, '2025-06-16 21:26:38', '2025-06-26 21:01:09'),
(48, '11×120duba 22ቀደደ', 'jp', 'balstera', '3000.00', '3200.00', 1, '2025-06-16 21:27:37', '2025-06-26 21:03:40'),
(49, '11×120duba 19ቀደደ', 'Jpan', 'balstera', '3000.00', '3300.00', 1, '2025-06-16 21:36:28', '2025-06-18 11:55:46'),
(50, '11×110dubai 22ቀደደ', 'Bronz', 'balstera', '2900.00', '3100.00', 1, '2025-06-16 21:37:58', '2025-06-26 21:06:10'),
(51, '11×110duba19ቀደደ', 'Bron', 'balstera', '2900.00', '3100.00', 1, '2025-06-16 21:39:39', '2025-06-26 21:07:07'),
(52, '11×100duba 22ቀደደ', 'japn', 'balstera', '2700.00', '2900.00', 1, '2025-06-16 21:41:20', '2025-06-18 11:55:46'),
(53, '11×90dubai 22ቀደደ', 'bronz', 'balstera', '2500.00', '2700.00', 1, '2025-06-16 21:42:02', '2025-06-18 11:55:46'),
(54, 'Oba ብሪማ dubai', 'Jp', 'balstera', '3300.00', '3500.00', 1, '2025-06-17 17:49:38', '2025-06-18 11:55:46'),
(55, 'Obam ሰኮንዶ duba', 'Jp', 'balstera', '2800.00', '3000.00', 1, '2025-06-17 17:50:26', '2025-06-18 11:55:46'),
(56, '10×120dubai', 'Jp', 'balstera', '2750.00', '3000.00', 1, '2025-06-17 17:55:28', '2025-06-18 11:55:46'),
(57, '10×110duba', 'Jp', 'balstera', '2650.00', '2900.00', 1, '2025-06-17 18:00:56', '2025-06-18 11:55:46'),
(58, '10×100 dubai', 'Jp', 'balstera', '2600.00', '2800.00', 1, '2025-06-17 18:03:15', '2025-06-26 21:17:24'),
(59, '10×90 dubai', 'Jp', 'balstera', '2400.00', '2600.00', 1, '2025-06-17 18:06:40', '2025-06-26 21:19:06'),
(60, '10×80dubai', 'Jp', 'balstera', '2200.00', '2400.00', 1, '2025-06-17 18:10:25', '2025-06-18 11:55:46'),
(61, '10×70dubai', 'Jp', 'balstera', '1800.00', '2000.00', 1, '2025-06-17 18:11:20', '2025-06-24 18:32:13'),
(64, 'fsr loc ቦኮላ', 'local', 'accessory', '230.00', '250.00', 1, '2025-06-21 10:58:50', '2025-06-24 18:33:46'),
(65, 'fsr ቦኮላ org', 'bale kartonu', 'accessory', '270.00', '300.00', 1, '2025-06-21 11:03:14', '2025-06-26 13:43:11'),
(66, 'fsr የሆላ ካራኪኖ በለከረቶን', 'balekarton', 'accessory', '130.00', '150.00', 1, '2025-06-21 11:04:36', '2025-06-24 18:38:25'),
(67, 'fsr org የፊት ካርኪኖ', 'orgenal', 'accessory', '190.00', '200.00', 1, '2025-06-21 11:19:40', '2025-06-21 14:37:10'),
(68, 'fsr loc የሆላ ካርኪኖ', 'local', 'accessory', '60.00', '100.00', 1, '2025-06-21 13:33:48', '2025-06-21 14:45:06'),
(69, 'fsr  ማላሽ የሲኖ', 'ya sino', 'accessory', '2500.00', '2900.00', 1, '2025-06-21 13:39:25', '2025-06-24 18:42:11'),
(70, 'fsr መላሽ የፋብርካ', 'yafbrica', 'accessory', '2800.00', '3300.00', 1, '2025-06-21 13:41:58', '2025-06-26 13:50:05'),
(71, 'fsr መላሽ ቢይዱ', 'local', 'accessory', '700.00', '750.00', 1, '2025-06-21 13:43:49', '2025-06-26 13:51:08'),
(72, 'fsr መላሽ ሻኪላዉ', 'org', 'accessory', '1550.00', '1600.00', 1, '2025-06-21 14:47:14', '2025-06-28 18:55:30'),
(73, 'fsr የፊት ፒን', 'org', 'accessory', '360.00', '400.00', 1, '2025-06-21 14:55:59', NULL),
(74, 'fsr የሆላ ፒን', 'ኦርግ', 'accessory', '360.00', '400.00', 1, '2025-06-21 14:57:50', NULL),
(75, 'fsr ሸኒሲ ታላጣፊ org', 'shaklaw', 'accessory', '1550.00', '1650.00', 1, '2025-06-21 15:04:29', NULL),
(76, 'fsr ሻኒሲ ታላጣፊ loc', 'yemserw', 'accessory', '950.00', '1200.00', 1, '2025-06-21 15:06:46', '2025-06-27 10:33:14'),
(77, 'fsr ሻኒሲ ታላጣፊ የፋቢሪካ', 'አሮግ', 'accessory', '3500.00', '3800.00', 1, '2025-06-21 15:11:18', '2025-06-24 19:48:32'),
(78, 'fsr 5ቃዳዳ ማዳበ org', 'shaklaw', 'accessory', '2450.00', '2600.00', 1, '2025-06-21 15:15:08', '2025-06-21 17:43:04'),
(79, 'fsr 5ቀዳዳ ማዳቢ  የፋብረካ', 'አሮገ', 'accessory', '5500.00', '6000.00', 1, '2025-06-21 15:53:06', '2025-06-24 22:05:16'),
(80, 'fsr ሸንሲ ታላጣፊ የፋቢሪካ', 'aroge', 'accessory', '3500.00', '4000.00', 1, '2025-06-21 15:59:15', NULL),
(81, 'fsr 6ቃዳዳ ማዳብ org', 'shakilw', 'accessory', '2900.00', '3300.00', 1, '2025-06-21 16:03:55', '2025-06-28 09:52:53'),
(82, 'fsr 6 ቃዳዳ ማዳቢ የፋብሪካ', 'aroge', 'accessory', '6500.00', '7000.00', 1, '2025-06-21 16:12:40', NULL),
(83, 'fsr የፊት ስታፋ', 'jp', 'accessory', '420.00', '450.00', 1, '2025-06-21 17:59:39', NULL),
(84, 'fsr የሆላ ስታፋ', 'jp', 'accessory', '600.00', '650.00', 1, '2025-06-21 18:06:24', '2025-06-24 22:07:59'),
(85, 'fsr የፊት ታኒጣልጣይ org', 'yetasraw', 'accessory', '600.00', '700.00', 1, '2025-06-21 18:09:29', '2025-06-28 09:35:10'),
(86, 'fsr የፊቲ ታኒጣልጣይ የፋቢሪካ ', 'aroge', 'accessory', '2500.00', '3000.00', 1, '2025-06-21 18:14:29', NULL),
(87, 'fsr የሆላ ታንጣልጣይ org', 'jp', 'accessory', '1500.00', '1600.00', 1, '2025-06-21 18:22:14', NULL),
(88, 'fsr የሆላ ታንጣልጣየ የፋብሪካ', 'aroge', 'accessory', '2200.00', '2500.00', 1, '2025-06-21 18:24:34', '2025-06-24 22:10:55'),
(89, 'fsr የፊት ፓራ ኮልቦ loc', 'loca', 'accessory', '500.00', '700.00', 1, '2025-06-21 18:30:54', NULL),
(90, 'fsr የፊት ፓራ ኮልቦ የፍብሪካ', 'aroge', 'accessory', '2800.00', '3300.00', 1, '2025-06-21 18:38:57', NULL),
(91, 'fsr የሻንስ ስታፍ', 'jp', 'accessory', '1000.00', '1200.00', 1, '2025-06-21 18:44:26', NULL),
(92, 'fsr አክስሰሪ ማጨርሸ ናው', 'jp', 'accessory', '10.00', '10.00', 1, '2025-06-21 18:48:26', NULL),
(93, 'oba የፊት ካርክኖ', 'jp', 'accessory', '70.00', '100.00', 1, '2025-06-21 18:59:08', NULL),
(94, 'oba የሆላ ካርክኖ', '', 'accessory', '110.00', '150.00', 1, '2025-06-21 19:09:02', '2025-06-26 16:29:13'),
(95, '24 ፒን', '', 'accessory', '140.00', '150.00', 1, '2025-06-21 19:11:08', NULL),
(96, '27 ፒን', '', 'accessory', '140.00', '150.00', 1, '2025-06-21 19:12:37', NULL),
(97, 'oba የፊት ስታፍ', '', 'accessory', '250.00', '300.00', 1, '2025-06-21 19:14:26', '2025-06-28 09:51:06'),
(98, 'oba የሆላ ስታፍ', '', 'accessory', '420.00', '450.00', 1, '2025-06-21 19:18:43', NULL),
(99, 'oba 24 ቦኮላ local', 'loc', 'accessory', '230.00', '250.00', 1, '2025-06-21 19:20:15', '2025-06-26 16:35:31'),
(100, 'oba 24 ቦኮላ japan', 'kay pestal', 'accessory', '350.00', '400.00', 1, '2025-06-21 19:29:03', NULL),
(101, 'oba 24 ቦኮላ gareman', 'kay', 'accessory', '370.00', '400.00', 1, '2025-06-21 19:30:21', NULL),
(102, 'oba 27 ቦኮላ local', 'nachi', 'accessory', '220.00', '250.00', 1, '2025-06-21 19:33:45', NULL),
(103, 'oba 27 ቦኮላ japan', '', 'balstera', '320.00', '380.00', 1, '2025-06-21 19:34:48', NULL),
(104, 'oba 27 ቦኮላ gareman', 'mulu kay', 'accessory', '370.00', '400.00', 1, '2025-06-21 19:46:45', NULL),
(105, 'oba ታስካኪ local', 'nachi', 'accessory', '220.00', '250.00', 1, '2025-06-21 19:55:31', NULL),
(106, 'oba ታስካኪ japan', 'nachi ba kay', 'accessory', '350.00', '375.00', 1, '2025-06-21 19:57:11', NULL),
(107, 'oba ታስካኪ german', 'kay', 'accessory', '380.00', '400.00', 1, '2025-06-21 19:58:38', NULL),
(108, 'oba ማላሽ org', 'org', 'accessory', '620.00', '650.00', 1, '2025-06-21 20:05:46', '2025-06-26 16:46:43'),
(109, 'oba ማላሽ የፋብሪካ', 'aroge', 'accessory', '2800.00', '3300.00', 1, '2025-06-21 20:10:07', NULL),
(110, 'oba የፊት ታንጣልጣይ', 'org', 'accessory', '230.00', '250.00', 1, '2025-06-21 20:14:31', '2025-06-21 20:22:30'),
(111, 'oba የፊት ታንጣልጣይ የፋብርካ', 'aroge', 'accessory', '1000.00', '1300.00', 1, '2025-06-21 20:20:00', NULL),
(112, 'oba የሆላ ታንጣልጣይ', '', 'accessory', '230.00', '250.00', 1, '2025-06-21 20:21:56', NULL),
(113, 'oba የሆላ ታንጣልጣይ የፋብሪካ ሙሉ', '', 'accessory', '1000.00', '1300.00', 1, '2025-06-21 20:24:43', '2025-06-26 16:54:32'),
(114, 'oba ማላሽ ጎሚን ትልቁ', 'local', 'accessory', '70.00', '100.00', 1, '2025-06-22 15:37:31', '2025-06-27 11:47:51'),
(115, 'oba ማላሽ ጎሚን ትንሹ', 'loc', 'accessory', '50.00', '75.00', 1, '2025-06-22 15:39:27', '2025-06-22 15:40:55'),
(116, 'oba ማላሽ ጎሚን org', 'jp', 'accessory', '500.00', '550.00', 1, '2025-06-22 15:45:50', '2025-06-26 16:58:07'),
(117, 'ፋሸታ', 'hager wusit', 'balstera', '55.00', '75.00', 1, '2025-06-22 17:10:01', NULL),
(118, 'oba accesser', '', 'accessory', '5.00', '7.00', 1, '2025-06-22 17:12:41', NULL),
(119, 'oba asse', '', 'accessory', '5.00', '10.00', 1, '2025-06-22 17:13:36', NULL),
(120, 'ክሪክ የበት መክና', '', 'accessory', '900.00', '1200.00', 1, '2025-06-22 17:18:31', NULL),
(121, 'ክሪክ 10 ton', '', 'accessory', '2500.00', '3000.00', 1, '2025-06-22 17:19:58', '2025-06-27 17:44:08'),
(122, 'ክሪክ 20 ton', '', 'accessory', '4300.00', '4600.00', 1, '2025-06-22 17:22:05', '2025-06-27 17:44:41'),
(123, 'ክሪክ 32 ton', '', 'accessory', '4800.00', '5100.00', 1, '2025-06-22 17:24:54', '2025-06-27 17:45:02'),
(124, 'ግሪስ መጠጫ ብጨው', '', 'accessory', '800.00', '1100.00', 1, '2025-06-22 17:29:32', NULL),
(125, 'ግሪስ መጠጫ ቀዩ', '', 'balstera', '1400.00', '1800.00', 1, '2025-06-22 17:34:37', NULL),
(126, 'ግሪስ መጠጫ ባላ ስጥኑ', '', 'balstera', '2200.00', '2400.00', 1, '2025-06-22 17:36:08', NULL),
(127, 'belt ትልቁ', '', 'balstera', '800.00', '1000.00', 1, '2025-06-22 17:46:29', NULL),
(128, 'belt ትንሹ', '', 'accessory', '400.00', '600.00', 1, '2025-06-22 17:47:28', NULL),
(129, 'fsr የፊት[የግንባሪ] መስታዎት ', '', 'mestawet', '17000.00', '18000.00', 1, '2025-06-22 17:57:19', NULL),
(130, 'oba የፊት[የግንባሪ] መስታዎት', 'euro glace', 'mestawet', '17000.00', '18000.00', 1, '2025-06-22 18:00:02', NULL),
(131, 'ቅንጂት የግንባሪ መስታዎ ', 'finland', 'mestawet', '17000.00', '18000.00', 1, '2025-06-23 12:44:06', NULL),
(132, 'fsr የበር ማስታዎት right', 'euroglace', 'mestawet', '6500.00', '7000.00', 1, '2025-06-23 14:25:00', NULL),
(133, 'fsr የበር ማስታዎት left', 'euroglace', 'mestawet', '6500.00', '700.00', 1, '2025-06-23 14:27:17', NULL),
(134, 'oba የበር ማስታዎት righ', 'euroglace', 'mestawet', '6500.00', '7000.00', 1, '2025-06-23 14:30:03', NULL),
(135, 'oba የበር ማስታዎት left', 'euroglace', 'mestawet', '6500.00', '7000.00', 1, '2025-06-23 14:45:32', NULL),
(136, 'ቅንጅት የበር ማስታዎት righ', '', 'mestawet', '4500.00', '5500.00', 1, '2025-06-23 14:48:06', NULL),
(137, 'ቅንጅት የበር ማስታዎት  left', 'euroglace', 'mestawet', '4500.00', '5500.00', 1, '2025-06-23 14:49:59', NULL),
(138, 'ኮካ bottle fanta', '', 'Uncategorized', '570.00', '600.00', 2, '2025-06-23 14:51:49', '2025-06-23 15:03:42'),
(139, 'ኮካ pt 1.5', '', 'Uncategorized', '810.00', '970.00', 2, '2025-06-23 14:59:10', NULL),
(140, 'fsr ቻርከ የታስርው local', 'local', 'cherke', '7300.00', '7800.00', 1, '2025-06-23 15:01:45', NULL),
(141, 'ኮካ bottle sprite', '', 'Uncategorized', '570.00', '600.00', 2, '2025-06-23 15:04:24', NULL),
(142, 'fsr ቻርከ topu org', 'topu orgenal', 'cherke', '14500.00', '15000.00', 1, '2025-06-23 15:04:34', '2025-06-27 17:50:41'),
(143, 'Coce', '', 'Uncategorized', '570.00', '600.00', 2, '2025-06-23 15:17:03', NULL),
(144, 'oba ቻርከ የታስርው local', 'yetasra', 'cherke', '5000.00', '5500.00', 1, '2025-06-23 15:27:40', NULL),
(145, 'oba ቻርከ እሽጉ topu org', 'topu orginal', 'cherke', '8800.00', '9100.00', 1, '2025-06-23 15:30:40', NULL),
(146, 'ቅንጅት ቻርከ እሽጉ topu org', 'topu org', 'cherke', '8800.00', '9400.00', 1, '2025-06-23 15:34:18', NULL),
(147, 'fsr ቻሪኪ ud', 'ye ud', 'cherke', '15000.00', '16000.00', 1, '2025-06-23 15:51:11', NULL),
(148, '30ቁ ቡሎን ኦሪጅናል', 'kay', 'blon', '250.00', '300.00', 1, '2025-06-23 16:08:21', '2025-06-23 17:55:41'),
(149, '27ቁ ቡሎን ኦሪጅናል', ' kay', 'blon', '170.00', '200.00', 1, '2025-06-23 16:15:07', '2025-06-23 16:45:57'),
(150, '24ቁ ቡሎን ኦሪጅናል', '', 'blon', '100.00', '150.00', 1, '2025-06-23 16:24:00', NULL),
(151, '22ቁ ቡሎን ኦሪጅናል', '', 'blon', '100.00', '150.00', 1, '2025-06-23 16:27:01', NULL),
(152, '19ቁ ቡሎን ኦሪጅናል', '', 'blon', '75.00', '100.00', 1, '2025-06-23 16:28:27', NULL),
(153, '17ቁ ቡሎን ኦሪጅናል', '', 'blon', '75.00', '100.00', 1, '2025-06-23 16:36:14', NULL),
(154, '10ቁ ቡሎን local', 'loc', 'blon', '10.00', '20.00', 1, '2025-06-23 17:30:52', NULL),
(155, '13ቁ ቡሎን local', 'loc', 'blon', '20.00', '25.00', 1, '2025-06-23 17:33:30', NULL),
(156, '17ቁ ቡሎን local', 'bulon', 'blon', '30.00', '40.00', 1, '2025-06-23 17:36:38', NULL),
(157, '19ቁ ቡሎን local', 'bulon', 'blon', '30.00', '50.00', 1, '2025-06-23 17:39:40', NULL),
(158, '22ቁ ቡሎን local', '', 'blon', '40.00', '60.00', 1, '2025-06-23 17:41:26', NULL),
(159, '24ቁ ቡሎን local', '', 'blon', '50.00', '75.00', 1, '2025-06-23 17:44:23', NULL),
(160, '27ቁ ቡሎን local', '', 'blon', '100.00', '150.00', 1, '2025-06-23 17:49:56', NULL),
(161, '30ቁ ቡሎን local', '', 'blon', '200.00', '250.00', 1, '2025-06-23 17:53:44', NULL),
(162, '8/10/13 ዳዶ', '', 'blon', '5.00', '10.00', 1, '2025-06-23 17:57:21', NULL),
(163, '17/19 ዳዶ', '', 'blon', '15.00', '20.00', 1, '2025-06-23 17:59:02', NULL),
(164, '22/24/27', '', 'blon', '40.00', '50.00', 1, '2025-06-23 18:00:42', NULL),
(165, 'Battery 70AM', 'GS ORG', 'battery', '12500.00', '12800.00', 1, '2025-06-23 19:47:39', NULL),
(166, 'nebula', 'y', 'accessory', '1200.00', '2700.00', 1, '2025-06-24 11:36:56', NULL),
(167, 'productia', 'y', 'mestawet', '3700.00', '4699.00', 1, '2025-06-24 11:38:19', '2025-06-26 13:06:32'),
(168, 'መፈቻ 10በ11', '', 'accessory', '120.00', '150.00', 1, '2025-06-26 13:40:35', NULL),
(169, 'ግሪስ መጠጫ ቀዩ', '', 'accessory', '1800.00', '2000.00', 1, '2025-06-26 19:09:41', NULL),
(170, 'ግሪስ መጠጫ በለ ሰጥኑ', '', 'accessory', '2100.00', '2300.00', 1, '2025-06-26 19:10:59', NULL),
(171, 'ግሪስ መጠጨ ቱቦ', '', 'accessory', '100.00', '150.00', 1, '2025-06-26 19:12:22', NULL),
(172, 'የበሪ ቁልፈ', '', 'accessory', '600.00', '1000.00', 1, '2025-06-26 19:14:10', NULL),
(173, 'oba ሸንስ ሰተፈ', '', 'accessory', '700.00', '800.00', 1, '2025-06-26 19:18:07', NULL),
(174, 'oba ፓረ ኮልቦ local', '', 'accessory', '450.00', '500.00', 1, '2025-06-26 19:20:13', NULL),
(175, 'Oba የሆላ መደብ R', '', 'accessory', '4000.00', '4500.00', 1, '2025-06-26 19:21:51', NULL),
(176, 'Oba የሆላ መደብ L', '', 'accessory', '4000.00', '4500.00', 1, '2025-06-26 19:22:28', NULL),
(177, 'ቅንጅት የሆላ መደብ R', '', 'accessory', '1.00', '2.00', 1, '2025-06-26 19:24:07', NULL),
(178, 'ቅንጅት የሆላ መደብ L', '', 'accessory', '1.00', '2.00', 1, '2025-06-26 19:24:47', NULL),
(179, 'ፈሼታ', '', 'accessory', '50.00', '75.00', 1, '2025-06-26 19:27:28', NULL),
(180, 'የክስ ምለጭ', '', 'accessory', '80.00', '100.00', 1, '2025-06-26 19:28:51', NULL),
(181, 'oba ፓራ ኮልቦ የፈብሪካ', '', 'accessory', '2800.00', '3200.00', 1, '2025-06-26 19:30:07', NULL),
(183, '11×100 Comp', '', 'balstera', '2900.00', '3100.00', 1, '2025-06-26 19:57:27', NULL),
(184, 'Oba በሊስትሪን ሙሉ japan', 'Japan', 'balstera', '1.00', '2.00', 1, '2025-06-26 21:23:18', NULL),
(185, '11×135', 'Bronz', 'balstera', '3100.00', '3300.00', 1, '2025-06-26 21:28:40', NULL),
(186, 'ቅ/የፊት ብሪማ', 'jp&bro', 'balstera', '2400.00', '2600.00', 1, '2025-06-26 21:32:00', NULL),
(187, 'ቅ/የፊት ሰኮንዶ', 'jp', 'balstera', '2200.00', '2400.00', 1, '2025-06-26 21:34:57', NULL),
(188, 'ቅ/የሆላ ብሪማ Bronz', 'Bronz', 'balstera', '3000.00', '3200.00', 1, '2025-06-26 21:39:04', NULL),
(189, 'ቅ/የሆላ ሰኮንዶ bronz', 'Bronz', 'balstera', '2900.00', '3000.00', 1, '2025-06-26 21:40:42', NULL),
(190, '9×120', 'Bro', 'balstera', '2500.00', '2700.00', 1, '2025-06-26 21:42:56', NULL),
(191, '9×80 bronz', 'Bronz', 'balstera', '2200.00', '2300.00', 1, '2025-06-26 21:46:06', NULL),
(192, '10×100 comp ', 'Anx', 'balstera', '2600.00', '2800.00', 1, '2025-06-26 21:56:08', NULL),
(193, '10×90 comp', 'Anx', 'balstera', '2500.00', '2700.00', 1, '2025-06-26 21:58:36', NULL),
(194, '10×80 compu', 'Anx', 'balstera', '1800.00', '2000.00', 1, '2025-06-26 22:06:48', NULL),
(195, '10×70 comp', 'Com', 'balstera', '2000.00', '2100.00', 1, '2025-06-26 22:08:26', NULL),
(196, '14$15 ፊሳ ', '', 'blon', '200.00', '250.00', 1, '2025-06-28 09:07:21', '2025-06-29 20:43:45'),
(197, '30$32', '', 'blon', '350.00', '400.00', 1, '2025-06-28 09:08:52', '2025-06-29 20:43:18'),
(198, '24$27', '', 'blon', '300.00', '350.00', 1, '2025-06-28 09:09:50', NULL),
(199, '22$24', '', 'blon', '260.00', '300.00', 1, '2025-06-28 09:24:58', '2025-06-29 20:41:34'),
(200, '22$22 ፊስ ሲተላ', '', 'blon', '250.00', '300.00', 1, '2025-06-28 09:30:00', '2025-06-29 20:41:17'),
(201, '19$19 ሜንዞ', '', 'blon', '230.00', '250.00', 1, '2025-06-28 09:34:02', '2025-06-29 20:40:50'),
(202, '17$19 ፈስ', '', 'blon', '220.00', '250.00', 1, '2025-06-28 09:34:52', '2025-06-29 20:40:22'),
(203, '17$19 ሰተላ', '', 'blon', '220.00', '250.00', 1, '2025-06-28 09:36:17', '2025-06-29 20:33:53'),
(204, '14$15 ሲተላ', '', 'blon', '200.00', '250.00', 1, '2025-06-28 09:37:12', '2025-06-29 20:33:32'),
(205, '14$14 ሜንዞ', '', 'blon', '170.00', '200.00', 1, '2025-06-28 09:38:14', '2025-06-29 20:32:38'),
(206, '10$11 ሲተላ', '', 'blon', '160.00', '200.00', 1, '2025-06-28 09:39:34', '2025-06-29 20:31:54'),
(207, '10$11 ፈሰ', '', 'blon', '150.00', '200.00', 1, '2025-06-28 09:43:46', '2025-06-29 20:31:15'),
(208, '8$9 ሰተላ', '', 'blon', '130.00', '150.00', 1, '2025-06-28 09:45:00', '2025-06-29 20:30:44'),
(209, '8$9 ፈስ', '', 'blon', '125.00', '150.00', 1, '2025-06-28 09:46:10', '2025-06-29 20:29:03'),
(210, '8$8 ሜንዞ', '', 'blon', '125.00', '150.00', 1, '2025-06-28 09:47:06', '2025-06-29 20:28:40'),
(211, '6$7 ፈስ', '', 'blon', '120.00', '150.00', 1, '2025-06-28 09:53:26', '2025-06-29 20:28:10'),
(212, '24$24 ፈሰ ሲተላ', '', 'blon', '270.00', '300.00', 1, '2025-06-28 09:55:25', '2025-06-29 20:44:32'),
(213, 'Fsr ሸንስ ተለጠፊ org', 'Ye wuchi', 'accessory', '1700.00', '1750.00', 1, '2025-06-28 10:56:12', NULL),
(214, 'ባላ ብራቱ connecter 12', '', 'blon', '220.00', '300.00', 1, '2025-06-28 16:05:38', NULL),
(215, 'ባላ ብራቱ connecter 8', '', 'blon', '200.00', '250.00', 1, '2025-06-28 16:08:40', NULL),
(216, 'ባላ ብራቱ connecter 6', '', 'blon', '170.00', '200.00', 1, '2025-06-28 16:11:31', NULL),
(217, 'connecter ፒላስትክ ባላ  6', '', 'blon', '50.00', '100.00', 1, '2025-06-28 19:09:12', '2025-06-28 19:11:24'),
(218, 'connecter ፒላስትክ ባላ 8 ', '', 'blon', '40.00', '100.00', 1, '2025-06-28 19:12:28', NULL),
(219, 'connecter ፒላስትክ ባላ 10', '', 'blon', '50.00', '100.00', 1, '2025-06-28 20:07:00', NULL),
(220, 'connecter ፒላስትክ ባላ 12 ', '', 'blon', '60.00', '100.00', 1, '2025-06-28 20:08:43', NULL),
(221, 'connecter ፒላስትክ ባላ 14', '', 'blon', '75.00', '150.00', 1, '2025-06-28 20:09:36', NULL),
(222, 'connecter ፒላስትክ ባላ 16', '', 'blon', '100.00', '150.00', 1, '2025-06-28 20:14:46', NULL),
(223, 'አስድ suliferic', 'tikuru sulfa', 'battery', '7000.00', '8000.00', 1, '2025-07-02 07:45:19', NULL),
(224, 'Aabira', '', 'battery', '200.00', '400.00', 1, '2025-07-02 10:37:56', NULL),
(225, 'Abinab', '', 'balstera', '2500.00', '4500.00', 1, '2025-07-02 10:38:22', NULL);

-- --------------------------------------------------------

--
-- Table structure for table `product_inventory`
--

CREATE TABLE `product_inventory` (
  `id` int(11) NOT NULL,
  `product_id` int(11) NOT NULL,
  `quantity` int(11) NOT NULL DEFAULT 0,
  `status` enum('ordered','in_store') NOT NULL DEFAULT 'ordered',
  `status_changed_at` timestamp NULL DEFAULT current_timestamp(),
  `created_at` timestamp NULL DEFAULT current_timestamp()
) ENGINE=InnoDB DEFAULT CHARSET=utf8mb4 COLLATE=utf8mb4_unicode_ci;

--
-- Dumping data for table `product_inventory`
--

INSERT INTO `product_inventory` (`id`, `product_id`, `quantity`, `status`, `status_changed_at`, `created_at`) VALUES
(12, 12, 3, 'in_store', '2025-07-02 17:35:02', '2025-06-14 14:51:51'),
(13, 13, 1, 'in_store', '2025-07-01 14:49:35', '2025-06-14 14:53:33'),
(14, 14, 0, 'in_store', '2025-06-30 17:47:56', '2025-06-14 18:31:09'),
(16, 16, 0, 'in_store', '2025-06-24 17:11:05', '2025-06-14 18:47:36'),
(17, 17, 0, 'in_store', '2025-06-24 17:13:10', '2025-06-14 18:48:44'),
(18, 18, 0, 'in_store', '2025-06-26 19:58:53', '2025-06-14 18:50:07'),
(20, 20, 25, 'in_store', '2025-06-27 11:45:37', '2025-06-14 18:54:38'),
(21, 21, 17, 'in_store', '2025-06-30 14:41:59', '2025-06-14 18:57:35'),
(22, 22, 0, 'in_store', '2025-06-26 20:08:21', '2025-06-14 19:01:18'),
(23, 23, 0, 'in_store', '2025-06-26 20:09:39', '2025-06-14 19:03:50'),
(24, 24, 0, 'in_store', '2025-06-26 20:10:40', '2025-06-14 19:06:19'),
(25, 25, 1, 'in_store', '2025-06-26 20:11:44', '2025-06-14 19:08:07'),
(26, 26, 0, 'in_store', '2025-07-01 12:47:47', '2025-06-14 19:14:49'),
(27, 27, 0, 'in_store', '2025-06-26 20:24:55', '2025-06-14 19:17:02'),
(28, 28, 0, 'in_store', '2025-06-26 20:25:39', '2025-06-14 19:18:36'),
(31, 31, 7, 'in_store', '2025-06-30 17:29:14', '2025-06-15 14:09:17'),
(33, 33, 3, 'in_store', '2025-06-28 16:05:45', '2025-06-15 14:34:38'),
(34, 34, 10, 'in_store', '2025-06-26 20:33:57', '2025-06-15 14:37:18'),
(35, 35, 4, 'in_store', '2025-06-30 17:49:58', '2025-06-15 14:56:23'),
(36, 36, 8, 'in_store', '2025-06-30 17:42:24', '2025-06-15 14:59:04'),
(37, 37, 5, 'in_store', '2025-06-30 17:43:22', '2025-06-15 15:02:41'),
(38, 38, 0, 'in_store', '2025-06-24 18:00:25', '2025-06-15 15:06:13'),
(44, 44, 4, 'in_store', '2025-06-26 20:52:56', '2025-06-16 14:55:39'),
(45, 45, 0, 'in_store', '2025-06-26 20:58:22', '2025-06-16 21:22:15'),
(46, 46, 4, 'in_store', '2025-06-26 21:00:00', '2025-06-16 21:24:36'),
(47, 47, 3, 'in_store', '2025-06-26 21:01:09', '2025-06-16 21:26:38'),
(48, 48, 3, 'in_store', '2025-06-26 21:03:40', '2025-06-16 21:27:37'),
(49, 49, 6, 'in_store', '2025-06-26 21:04:59', '2025-06-16 21:36:28'),
(50, 50, 5, 'in_store', '2025-06-30 14:09:38', '2025-06-16 21:37:58'),
(51, 51, 2, 'in_store', '2025-06-26 21:07:07', '2025-06-16 21:39:39'),
(52, 52, 0, 'in_store', '2025-06-26 21:07:40', '2025-06-16 21:41:20'),
(53, 53, 0, 'in_store', '2025-06-26 21:08:04', '2025-06-16 21:42:02'),
(54, 54, 0, 'in_store', '2025-06-26 21:08:27', '2025-06-17 17:49:38'),
(55, 55, 1, 'in_store', '2025-06-27 18:52:14', '2025-06-17 17:50:26'),
(56, 56, 1, 'in_store', '2025-06-26 21:09:55', '2025-06-17 17:55:28'),
(57, 57, 2, 'in_store', '2025-06-26 21:12:52', '2025-06-17 18:00:56'),
(58, 58, 5, 'in_store', '2025-06-26 21:17:24', '2025-06-17 18:03:15'),
(59, 59, 6, 'in_store', '2025-06-28 15:51:32', '2025-06-17 18:06:40'),
(60, 60, 9, 'in_store', '2025-06-26 21:25:03', '2025-06-17 18:10:25'),
(61, 61, 0, 'in_store', '2025-06-30 14:00:14', '2025-06-17 18:11:20'),
(64, 64, 189, 'in_store', '2025-06-30 14:26:09', '2025-06-21 10:58:50'),
(65, 65, 148, 'in_store', '2025-06-30 17:26:46', '2025-06-21 11:03:14'),
(66, 66, 223, 'in_store', '2025-06-30 17:41:29', '2025-06-21 11:04:36'),
(67, 67, 43, 'in_store', '2025-06-30 14:25:49', '2025-06-21 11:19:40'),
(68, 68, 0, 'in_store', '2025-06-26 13:48:15', '2025-06-21 13:33:48'),
(69, 69, 7, 'in_store', '2025-06-26 13:49:00', '2025-06-21 13:39:25'),
(70, 70, 2, 'in_store', '2025-06-30 14:14:47', '2025-06-21 13:41:58'),
(71, 71, 5, 'in_store', '2025-06-30 13:57:06', '2025-06-21 13:43:49'),
(73, 73, 19, 'in_store', '2025-06-30 14:26:35', '2025-06-21 14:55:59'),
(74, 74, 25, 'in_store', '2025-06-30 17:33:13', '2025-06-21 14:57:50'),
(75, 75, 0, 'in_store', '2025-06-26 14:01:11', '2025-06-21 15:04:29'),
(76, 76, 70, 'in_store', '2025-06-27 18:05:46', '2025-06-21 15:06:46'),
(77, 77, 1, 'in_store', '2025-06-26 14:02:08', '2025-06-21 15:11:18'),
(78, 78, 9, 'in_store', '2025-06-26 14:02:51', '2025-06-21 15:15:08'),
(79, 79, 1, 'in_store', '2025-06-24 22:05:16', '2025-06-21 15:53:06'),
(80, 80, 1, 'in_store', '2025-06-21 15:59:15', '2025-06-21 15:59:15'),
(82, 82, 1, 'in_store', '2025-06-21 16:12:40', '2025-06-21 16:12:40'),
(86, 86, 1, 'in_store', '2025-06-21 18:14:29', '2025-06-21 18:14:29'),
(87, 87, 9, 'in_store', '2025-06-30 14:08:31', '2025-06-21 18:22:14'),
(88, 88, 3, 'in_store', '2025-06-26 16:21:15', '2025-06-21 18:24:34'),
(89, 89, 0, 'in_store', '2025-06-21 18:30:54', '2025-06-21 18:30:54'),
(90, 90, 3, 'in_store', '2025-06-26 16:22:09', '2025-06-21 18:38:57'),
(91, 91, 7, 'in_store', '2025-06-28 15:06:56', '2025-06-21 18:44:26'),
(92, 92, 100, 'in_store', '2025-06-21 18:48:26', '2025-06-21 18:48:26'),
(93, 93, 78, 'in_store', '2025-06-30 17:21:06', '2025-06-21 18:59:08'),
(94, 94, 17, 'in_store', '2025-06-28 15:55:33', '2025-06-21 19:09:02'),
(95, 95, 159, 'in_store', '2025-06-30 14:16:05', '2025-06-21 19:11:08'),
(96, 96, 162, 'in_store', '2025-06-26 16:30:37', '2025-06-21 19:12:37'),
(98, 98, 30, 'in_store', '2025-06-26 16:33:54', '2025-06-21 19:18:43'),
(99, 99, 55, 'in_store', '2025-06-26 16:35:31', '2025-06-21 19:20:15'),
(100, 100, 6, 'in_store', '2025-06-27 18:09:28', '2025-06-21 19:29:03'),
(101, 101, 69, 'in_store', '2025-06-28 15:52:47', '2025-06-21 19:30:21'),
(102, 102, 58, 'in_store', '2025-06-30 14:16:28', '2025-06-21 19:33:45'),
(103, 103, 50, 'in_store', '2025-06-21 19:34:48', '2025-06-21 19:34:48'),
(104, 104, 55, 'in_store', '2025-06-26 16:41:22', '2025-06-21 19:46:45'),
(105, 105, 33, 'in_store', '2025-06-26 16:42:01', '2025-06-21 19:55:31'),
(106, 106, 26, 'in_store', '2025-06-26 16:43:31', '2025-06-21 19:57:11'),
(107, 107, 41, 'in_store', '2025-06-26 16:45:40', '2025-06-21 19:58:38'),
(108, 108, 7, 'in_store', '2025-06-28 16:01:50', '2025-06-21 20:05:46'),
(109, 109, 0, 'in_store', '2025-06-26 16:47:03', '2025-06-21 20:10:07'),
(110, 110, 19, 'in_store', '2025-06-26 16:48:59', '2025-06-21 20:14:31'),
(111, 111, 1, 'in_store', '2025-07-01 12:47:47', '2025-06-21 20:20:00'),
(112, 112, 18, 'in_store', '2025-06-26 16:51:13', '2025-06-21 20:21:56'),
(113, 113, 0, 'in_store', '2025-07-01 12:47:47', '2025-06-21 20:24:43'),
(114, 114, 100, 'in_store', '2025-06-27 11:47:51', '2025-06-22 15:37:31'),
(115, 115, 110, 'in_store', '2025-06-28 10:51:26', '2025-06-22 15:39:27'),
(116, 116, 10, 'in_store', '2025-06-26 16:58:07', '2025-06-22 15:45:50'),
(117, 117, 100, 'in_store', '2025-06-22 17:10:01', '2025-06-22 17:10:01'),
(118, 118, 100, 'in_store', '2025-06-22 17:12:41', '2025-06-22 17:12:41'),
(119, 119, 50, 'in_store', '2025-06-22 17:13:36', '2025-06-22 17:13:36'),
(121, 121, 0, 'in_store', '2025-06-27 17:44:08', '2025-06-22 17:19:58'),
(122, 122, 2, 'in_store', '2025-06-27 17:44:41', '2025-06-22 17:22:05'),
(123, 123, 2, 'in_store', '2025-06-27 17:45:02', '2025-06-22 17:24:54'),
(124, 124, 19, 'in_store', '2025-06-26 19:07:27', '2025-06-22 17:29:32'),
(125, 125, 2, 'in_store', '2025-06-22 17:34:37', '2025-06-22 17:34:37'),
(126, 126, 1, 'in_store', '2025-06-22 17:36:08', '2025-06-22 17:36:08'),
(127, 127, 49, 'in_store', '2025-06-30 14:45:06', '2025-06-22 17:46:29'),
(129, 129, 2, 'in_store', '2025-06-22 17:57:19', '2025-06-22 17:57:19'),
(130, 130, 3, 'in_store', '2025-06-22 18:00:02', '2025-06-22 18:00:02'),
(131, 131, 1, 'in_store', '2025-06-23 12:44:06', '2025-06-23 12:44:06'),
(132, 132, 4, 'in_store', '2025-06-23 14:25:00', '2025-06-23 14:25:00'),
(133, 133, 4, 'in_store', '2025-06-23 14:27:17', '2025-06-23 14:27:17'),
(136, 136, 4, 'in_store', '2025-06-23 14:48:06', '2025-06-23 14:48:06'),
(137, 137, 4, 'in_store', '2025-06-23 14:49:59', '2025-06-23 14:49:59'),
(138, 138, 1, 'in_store', '2025-06-23 15:11:01', '2025-06-23 14:51:49'),
(139, 139, 950, 'in_store', '2025-06-23 15:26:36', '2025-06-23 14:59:10'),
(140, 140, 4, 'in_store', '2025-06-30 17:22:26', '2025-06-23 15:01:45'),
(141, 141, 1700, 'in_store', '2025-06-23 15:08:04', '2025-06-23 15:04:24'),
(142, 142, 4, 'in_store', '2025-06-28 17:05:12', '2025-06-23 15:04:34'),
(143, 143, 7000, 'in_store', '2025-06-23 15:17:03', '2025-06-23 15:17:03'),
(144, 144, 4, 'in_store', '2025-06-23 15:27:40', '2025-06-23 15:27:40'),
(145, 145, 9, 'in_store', '2025-06-23 15:30:40', '2025-06-23 15:30:40'),
(146, 146, 2, 'in_store', '2025-06-23 15:34:18', '2025-06-23 15:34:18'),
(147, 148, 1, 'in_store', '2025-06-23 16:08:21', '2025-06-23 16:08:21'),
(148, 149, 1, 'in_store', '2025-06-23 16:15:07', '2025-06-23 16:15:07'),
(149, 150, 50, 'in_store', '2025-06-23 16:24:00', '2025-06-23 16:24:00'),
(150, 151, 341, 'in_store', '2025-06-30 14:34:36', '2025-06-23 16:27:01'),
(151, 152, 98, 'in_store', '2025-06-30 17:34:18', '2025-06-23 16:28:27'),
(152, 153, 152, 'in_store', '2025-06-27 18:18:09', '2025-06-23 16:36:14'),
(153, 154, 500, 'in_store', '2025-06-23 17:30:52', '2025-06-23 17:30:52'),
(154, 155, 450, 'in_store', '2025-06-30 14:35:12', '2025-06-23 17:33:30'),
(155, 156, 393, 'in_store', '2025-06-30 14:44:39', '2025-06-23 17:36:38'),
(156, 157, 395, 'in_store', '2025-06-30 14:15:21', '2025-06-23 17:39:40'),
(157, 158, 300, 'in_store', '2025-06-23 17:41:26', '2025-06-23 17:41:26'),
(158, 159, 100, 'in_store', '2025-06-23 17:44:23', '2025-06-23 17:44:23'),
(159, 160, 30, 'in_store', '2025-06-23 17:49:56', '2025-06-23 17:49:56'),
(160, 161, 5, 'in_store', '2025-06-23 17:53:44', '2025-06-23 17:53:44'),
(161, 162, 1000, 'in_store', '2025-06-23 17:57:21', '2025-06-23 17:57:21'),
(162, 163, 500, 'in_store', '2025-06-23 17:59:02', '2025-06-23 17:59:02'),
(163, 164, 1000, 'in_store', '2025-06-23 18:00:42', '2025-06-23 18:00:42'),
(166, 20, 25, 'in_store', '2025-06-27 11:45:37', '2025-06-23 19:59:28'),
(167, 20, 25, 'in_store', '2025-06-27 11:45:37', '2025-06-23 20:00:07'),
(170, 166, 67, 'in_store', '2025-06-24 11:36:56', '2025-06-24 11:36:56'),
(171, 167, 7, 'in_store', '2025-07-02 01:06:59', '2025-06-24 11:38:19'),
(176, 168, 5, 'in_store', '2025-06-26 13:40:35', '2025-06-26 13:40:35'),
(179, 83, 32, 'in_store', '2025-06-30 14:36:53', '2025-06-26 15:49:41'),
(180, 84, 3, 'in_store', '2025-06-30 17:17:09', '2025-06-26 15:50:45'),
(181, 85, 48, 'in_store', '2025-06-28 09:38:28', '2025-06-26 15:53:07'),
(182, 120, 3, 'in_store', '2025-06-26 18:51:09', '2025-06-26 18:51:09'),
(183, 128, 27, 'in_store', '2025-06-26 18:56:25', '2025-06-26 18:56:25'),
(184, 169, 2, 'in_store', '2025-06-26 19:09:41', '2025-06-26 19:09:41'),
(185, 170, 0, 'in_store', '2025-06-26 19:11:25', '2025-06-26 19:10:59'),
(186, 171, 28, 'in_store', '2025-06-28 09:47:40', '2025-06-26 19:12:22'),
(188, 173, 2, 'in_store', '2025-06-26 19:18:07', '2025-06-26 19:18:07'),
(189, 174, 9, 'in_store', '2025-06-29 21:09:58', '2025-06-26 19:20:13'),
(190, 175, 1, 'in_store', '2025-06-26 19:21:51', '2025-06-26 19:21:51'),
(191, 176, 0, 'in_store', '2025-06-26 19:23:07', '2025-06-26 19:22:28'),
(192, 177, 1, 'in_store', '2025-06-26 19:24:07', '2025-06-26 19:24:07'),
(193, 178, 1, 'in_store', '2025-06-26 19:24:47', '2025-06-26 19:24:47'),
(194, 179, 79, 'in_store', '2025-06-26 19:27:28', '2025-06-26 19:27:28'),
(195, 180, 1, 'in_store', '2025-06-26 19:28:51', '2025-06-26 19:28:51'),
(196, 181, 4, 'in_store', '2025-06-26 19:30:07', '2025-06-26 19:30:07'),
(198, 183, 12, 'in_store', '2025-06-30 17:36:56', '2025-06-26 19:57:27'),
(199, 184, 1, 'in_store', '2025-06-26 21:23:18', '2025-06-26 21:23:18'),
(200, 185, 8, 'in_store', '2025-06-26 21:28:40', '2025-06-26 21:28:40'),
(201, 186, 9, 'in_store', '2025-06-26 21:32:00', '2025-06-26 21:32:00'),
(202, 187, 3, 'in_store', '2025-06-26 21:34:57', '2025-06-26 21:34:57'),
(203, 188, 4, 'in_store', '2025-06-26 21:39:04', '2025-06-26 21:39:04'),
(204, 189, 3, 'in_store', '2025-06-26 21:40:42', '2025-06-26 21:40:42'),
(205, 190, 0, 'in_store', '2025-06-26 21:43:24', '2025-06-26 21:42:56'),
(206, 191, 3, 'in_store', '2025-06-26 21:46:06', '2025-06-26 21:46:06'),
(207, 192, 16, 'in_store', '2025-06-30 15:37:16', '2025-06-26 21:56:08'),
(208, 193, 5, 'in_store', '2025-06-28 15:01:52', '2025-06-26 21:58:36'),
(209, 194, 2, 'in_store', '2025-06-26 22:06:48', '2025-06-26 22:06:48'),
(210, 195, 6, 'in_store', '2025-06-26 22:08:26', '2025-06-26 22:08:26'),
(211, 32, 0, 'in_store', '2025-06-30 14:13:52', '2025-06-27 13:14:52'),
(214, 196, 11, 'in_store', '2025-06-29 20:43:45', '2025-06-28 09:07:43'),
(215, 197, 2, 'in_store', '2025-06-29 20:43:18', '2025-06-28 09:08:52'),
(216, 198, 3, 'in_store', '2025-06-29 20:42:39', '2025-06-28 09:09:50'),
(217, 199, 11, 'in_store', '2025-06-29 20:41:34', '2025-06-28 09:24:58'),
(218, 200, 3, 'in_store', '2025-06-29 20:41:17', '2025-06-28 09:30:00'),
(219, 201, 4, 'in_store', '2025-06-29 20:40:50', '2025-06-28 09:34:02'),
(220, 202, 9, 'in_store', '2025-06-29 20:40:22', '2025-06-28 09:34:52'),
(221, 203, 5, 'in_store', '2025-06-29 20:33:53', '2025-06-28 09:36:17'),
(222, 204, 5, 'in_store', '2025-06-29 20:33:32', '2025-06-28 09:37:12'),
(223, 205, 2, 'in_store', '2025-06-29 20:32:38', '2025-06-28 09:38:14'),
(224, 206, 5, 'in_store', '2025-06-29 20:45:58', '2025-06-28 09:39:34'),
(225, 207, 5, 'in_store', '2025-06-29 20:31:15', '2025-06-28 09:43:46'),
(226, 208, 9, 'in_store', '2025-06-29 20:30:44', '2025-06-28 09:45:00'),
(227, 209, 5, 'in_store', '2025-06-29 20:29:03', '2025-06-28 09:46:10'),
(228, 210, 3, 'in_store', '2025-06-29 20:28:40', '2025-06-28 09:47:06'),
(229, 211, 4, 'in_store', '2025-06-29 20:28:10', '2025-06-28 09:53:26'),
(230, 212, 3, 'in_store', '2025-06-29 20:44:32', '2025-06-28 09:55:25'),
(231, 213, 8, 'in_store', '2025-06-30 14:28:08', '2025-06-28 10:56:12'),
(232, 214, 22, 'in_store', '2025-06-28 16:05:38', '2025-06-28 16:05:38'),
(233, 215, 23, 'in_store', '2025-06-28 16:08:40', '2025-06-28 16:08:40'),
(234, 216, 24, 'in_store', '2025-06-28 16:11:31', '2025-06-28 16:11:31'),
(235, 81, 8, 'in_store', '2025-06-30 17:31:03', '2025-06-28 18:52:35'),
(236, 72, 17, 'in_store', '2025-06-28 18:55:30', '2025-06-28 18:55:30'),
(237, 172, 10, 'in_store', '2025-06-28 18:56:40', '2025-06-28 18:56:40'),
(238, 97, 15, 'in_store', '2025-06-28 19:00:21', '2025-06-28 19:00:21'),
(239, 29, 11, 'in_store', '2025-06-28 19:01:19', '2025-06-28 19:01:19'),
(240, 30, 10, 'in_store', '2025-06-28 19:03:49', '2025-06-28 19:03:49'),
(242, 217, 25, 'in_store', '2025-06-28 19:11:24', '2025-06-28 19:11:24'),
(243, 218, 25, 'in_store', '2025-06-28 19:12:28', '2025-06-28 19:12:28'),
(244, 219, 25, 'in_store', '2025-06-28 20:07:00', '2025-06-28 20:07:00'),
(245, 220, 24, 'in_store', '2025-06-28 20:08:43', '2025-06-28 20:08:43'),
(246, 221, 50, 'in_store', '2025-06-28 20:09:36', '2025-06-28 20:09:36'),
(247, 222, 49, 'in_store', '2025-06-28 20:14:46', '2025-06-28 20:14:46'),
(249, 39, 45, 'in_store', '2025-06-30 13:56:01', '2025-06-28 21:29:23'),
(250, 19, 23, 'in_store', '2025-06-30 14:32:46', '2025-06-28 21:30:43'),
(251, 43, 23, 'in_store', '2025-06-28 21:36:44', '2025-06-28 21:36:44'),
(252, 223, 10, 'in_store', '2025-07-02 07:45:19', '2025-07-02 07:45:19'),
(253, 224, 2975, 'in_store', '2025-07-02 10:37:56', '2025-07-02 10:37:56'),
(254, 225, 325, 'in_store', '2025-07-02 10:38:22', '2025-07-02 10:38:22'),
(255, 12, 3, 'in_store', '2025-07-02 17:35:02', '2025-07-02 11:04:57'),
(256, 14, 2, 'in_store', '2025-07-02 11:06:08', '2025-07-02 11:06:08'),
(257, 165, 9, 'in_store', '2025-07-02 11:27:19', '2025-07-02 11:27:19'),
(258, 134, 2, 'in_store', '2025-07-02 11:38:43', '2025-07-02 11:38:43'),
(259, 135, 2, 'in_store', '2025-07-02 11:43:59', '2025-07-02 11:43:59'),
(260, 11, 6, 'in_store', '2025-07-05 10:50:20', '2025-07-05 10:50:20');

-- --------------------------------------------------------

--
-- Table structure for table `product_orders`
--

CREATE TABLE `product_orders` (
  `id` int(11) NOT NULL,
  `user_id` int(11) NOT NULL,
  `organization_id` int(11) NOT NULL,
  `product_id` int(11) NOT NULL,
  `product_name` varchar(255) NOT NULL,
  `quantity` int(11) NOT NULL,
  `ordered_price` decimal(10,2) NOT NULL,
  `selling_price` decimal(10,2) NOT NULL,
  `payment_method` enum('bank','credit','mixed') NOT NULL,
  `bank_name` varchar(50) DEFAULT NULL,
  `paid_amount` decimal(10,2) NOT NULL DEFAULT 0.00,
  `unpaid_amount` decimal(10,2) NOT NULL DEFAULT 0.00,
  `status` enum('ordered','received') NOT NULL DEFAULT 'ordered',
  `created_at` timestamp NOT NULL DEFAULT current_timestamp(),
  `received_at` timestamp NULL DEFAULT NULL
) ENGINE=InnoDB DEFAULT CHARSET=utf8mb4 COLLATE=utf8mb4_unicode_ci;

--
-- Dumping data for table `product_orders`
--

INSERT INTO `product_orders` (`id`, `user_id`, `organization_id`, `product_id`, `product_name`, `quantity`, `ordered_price`, `selling_price`, `payment_method`, `bank_name`, `paid_amount`, `unpaid_amount`, `status`, `created_at`, `received_at`) VALUES
(1, 1, 1, 11, 'Battery 60Am', 7, '11000.50', '11500.00', 'bank', 'Awash', '77003.50', '0.00', 'received', '2025-07-05 10:04:20', '2025-07-05 10:05:19'),
(2, 1, 1, 11, 'Battery 60Am', 10, '11000.50', '11500.00', 'mixed', 'Awash', '50000.00', '60005.00', 'received', '2025-07-05 10:08:14', '2025-07-05 10:09:23'),
(3, 1, 1, 11, 'Battery 60Am', 50, '11000.50', '11500.00', 'bank', 'Awash', '550025.00', '0.00', 'received', '2025-07-05 10:49:08', '2025-07-05 10:49:18');

-- --------------------------------------------------------

--
-- Table structure for table `spendings`
--

CREATE TABLE `spendings` (
  `id` int(11) NOT NULL,
  `user_id` int(11) NOT NULL,
  `organization_id` int(11) NOT NULL,
  `amount` decimal(10,2) NOT NULL,
  `category` enum('purchase','logistics','consumption') NOT NULL,
  `reason` varchar(255) NOT NULL,
  `comment` text DEFAULT NULL,
  `transaction_date` timestamp NULL DEFAULT current_timestamp(),
  `payment_method` enum('cash','bank') NOT NULL DEFAULT 'cash',
  `bank_name` varchar(20) DEFAULT NULL
) ;

--
-- Dumping data for table `spendings`
--

INSERT INTO `spendings` (`id`, `user_id`, `organization_id`, `amount`, `category`, `reason`, `comment`, `transaction_date`, `payment_method`, `bank_name`) VALUES
(20, 1, 1, '832.00', 'purchase', 'Mega', '', '2025-07-03 09:42:30', 'bank', 'Awash'),
(21, 1, 1, '50000.00', 'purchase', 'Credit payment for order #1 (Battery 60Am)', NULL, '2025-07-05 10:14:48', 'bank', 'Awash'),
(22, 1, 1, '27003.50', 'purchase', 'Credit payment for order #1 (Battery 60Am)', NULL, '2025-07-05 10:26:42', 'bank', 'Awash');

-- --------------------------------------------------------

--
-- Table structure for table `transactions`
--

CREATE TABLE `transactions` (
  `id` int(11) NOT NULL,
  `user_id` int(11) NOT NULL,
  `organization_id` int(11) NOT NULL,
  `payment_method` varchar(20) NOT NULL,
  `bank_name` varchar(50) DEFAULT NULL,
  `comment` text DEFAULT NULL,
  `unpaid_amount` decimal(10,2) DEFAULT 0.00,
  `customer_name` varchar(100) DEFAULT NULL,
  `transaction_date` datetime NOT NULL
) ENGINE=InnoDB DEFAULT CHARSET=utf8mb4 COLLATE=utf8mb4_unicode_ci;

--
-- Dumping data for table `transactions`
--

INSERT INTO `transactions` (`id`, `user_id`, `organization_id`, `payment_method`, `bank_name`, `comment`, `unpaid_amount`, `customer_name`, `transaction_date`) VALUES
(1, 1, 1, 'cash', '', '', '0.00', '', '2025-07-01 08:47:47'),
(2, 1, 1, 'cash', '', '', '0.00', '', '2025-07-01 10:49:35'),
(3, 1, 1, 'cash', '', '', '0.00', '', '2025-07-01 21:04:34'),
(4, 1, 1, 'cash', '', '', '0.00', '', '2025-07-01 21:06:59'),
(5, 1, 1, 'cash', '', '', '0.00', '', '2025-07-02 07:25:36'),
(6, 1, 1, 'credit', 'Awash', '', '355.00', 'Asefa', '2025-07-02 07:26:51'),
(7, 1, 1, 'bank', 'Awash', '', '0.00', '', '2025-07-02 07:30:07'),
(8, 1, 1, 'cash', '', '', '0.00', '', '2025-07-02 08:10:42'),
(9, 1, 1, 'cash', '', '', '0.00', '', '2025-07-03 04:46:57'),
(10, 1, 1, 'credit', '', '', '300.00', 'Anb', '2025-07-03 04:47:16');

-- --------------------------------------------------------

--
-- Table structure for table `transaction_items`
--

CREATE TABLE `transaction_items` (
  `id` int(11) NOT NULL,
  `transaction_id` int(11) NOT NULL,
  `product_id` int(11) NOT NULL,
  `quantity` int(11) NOT NULL,
  `unit_price` decimal(10,2) NOT NULL
) ENGINE=InnoDB DEFAULT CHARSET=utf8mb4 COLLATE=utf8mb4_unicode_ci;

--
-- Dumping data for table `transaction_items`
--

INSERT INTO `transaction_items` (`id`, `transaction_id`, `product_id`, `quantity`, `unit_price`) VALUES
(1, 1, 26, 1, '3400.00'),
(2, 1, 111, 1, '1300.00'),
(3, 1, 113, 1, '1300.00'),
(4, 2, 11, 2, '11500.00'),
(5, 2, 13, 2, '7700.00'),
(6, 3, 167, 1, '4699.00'),
(7, 4, 167, 2, '4699.00'),
(8, 4, 11, 1, '11500.00'),
(9, 5, 224, 1, '400.00'),
(10, 5, 225, 1, '4500.00'),
(11, 6, 224, 1, '400.00'),
(12, 6, 225, 1, '4500.00'),
(13, 7, 224, 17, '400.00'),
(14, 7, 225, 16, '4500.00'),
(15, 8, 224, 4, '425.00'),
(16, 8, 225, 5, '4500.00'),
(17, 9, 224, 1, '400.00'),
(18, 9, 225, 1, '4500.00'),
(19, 10, 224, 1, '400.00'),
(20, 10, 225, 1, '4500.00');

-- --------------------------------------------------------

--
-- Table structure for table `users`
--

CREATE TABLE `users` (
  `id` int(11) NOT NULL,
  `username` varchar(50) NOT NULL,
  `email` varchar(100) NOT NULL,
  `password` varchar(255) NOT NULL,
  `role` varchar(20) NOT NULL DEFAULT 'user',
  `is_active` tinyint(1) NOT NULL DEFAULT 1,
  `organization_id` int(11) NOT NULL,
  `created_at` timestamp NULL DEFAULT current_timestamp(),
  `last_login` timestamp NULL DEFAULT NULL
) ENGINE=InnoDB DEFAULT CHARSET=utf8mb4 COLLATE=utf8mb4_unicode_ci;

--
-- Dumping data for table `users`
--

INSERT INTO `users` (`id`, `username`, `email`, `password`, `role`, `is_active`, `organization_id`, `created_at`, `last_login`) VALUES
(1, 'betse', 'degi@gmail.com', '$2a$12$vAwnhpOnDxPL3jVHc9X7kOCGYA.AZltZcZSowB2gLV1vtR2ykLhjq', 'admin', 1, 1, '2025-06-10 13:10:12', '2025-07-03 13:55:50'),
(2, 'bire', 'bire@gmail.com', '$2y$10$8AyuEpVhp7ETo9zUiu1xsOfCFuvK8EfP56ryGtM/bhxVBbru.pdm6', 'admin', 1, 1, '2025-06-10 13:59:01', '2025-06-26 12:36:29'),
(3, 'mekdes', 'a@d.c', '$2y$10$DlLfgiHhUaUhFEtUBBgfOu5o2qFU5CNhmAqF77YeO.LRczyYZJhRS', 'worker', 1, 1, '2025-06-12 05:28:24', '2025-06-14 13:13:29'),
(4, 'sanbu', 'n@g.c', '$2a$12$U1QBp2.ESjfbpTVoHTfwSeySKRFjUjJLXfZ/5Ob781pzfncX1gdsq', 'user', 1, 1, '2025-06-12 07:43:14', '2025-06-26 13:46:59'),
(5, 'habte', 'habtsh@gmail.com', '$2a$12$5Cl.HwuQJJh/bs1nvUcdo.g/Lj4i5eCNOTa9XViiIPxI2ths.D.dm', 'admin', 1, 2, '2025-06-23 14:40:38', '2025-06-23 15:13:06'),
(6, 'temesgen', 'Stire@gmail.com', '$2y$10$ESWFaKMu89r74Lw.wTB2rO5erX4U1NdUGUBl0BcUbwQlRPUrx.QkK', 'user', 1, 2, '2025-06-23 15:05:24', '2025-06-23 15:05:47');

--
-- Indexes for dumped tables
--

--
-- Indexes for table `bank_deposits`
--
ALTER TABLE `bank_deposits`
  ADD PRIMARY KEY (`id`),
  ADD KEY `fk_bank_deposits_organization` (`organization_id`),
  ADD KEY `fk_bank_deposits_user` (`user_id`);

--
-- Indexes for table `organizations`
--
ALTER TABLE `organizations`
  ADD PRIMARY KEY (`id`),
  ADD UNIQUE KEY `name_UNIQUE` (`name`),
  ADD KEY `owner_user_id` (`owner_user_id`);

--
-- Indexes for table `products`
--
ALTER TABLE `products`
  ADD PRIMARY KEY (`id`),
  ADD KEY `fk_products_organization` (`organization_id`);

--
-- Indexes for table `product_inventory`
--
ALTER TABLE `product_inventory`
  ADD PRIMARY KEY (`id`),
  ADD KEY `product_id` (`product_id`);

--
-- Indexes for table `product_orders`
--
ALTER TABLE `product_orders`
  ADD PRIMARY KEY (`id`),
  ADD KEY `fk_order_user` (`user_id`),
  ADD KEY `fk_order_organization` (`organization_id`),
  ADD KEY `fk_order_product` (`product_id`);

--
-- Indexes for table `spendings`
--
ALTER TABLE `spendings`
  ADD PRIMARY KEY (`id`),
  ADD KEY `user_id` (`user_id`),
  ADD KEY `fk_spendings_organization` (`organization_id`);

--
-- Indexes for table `transactions`
--
ALTER TABLE `transactions`
  ADD PRIMARY KEY (`id`),
  ADD KEY `organization_id` (`organization_id`);

--
-- Indexes for table `transaction_items`
--
ALTER TABLE `transaction_items`
  ADD PRIMARY KEY (`id`),
  ADD KEY `transaction_id` (`transaction_id`),
  ADD KEY `product_id` (`product_id`);

--
-- Indexes for table `users`
--
ALTER TABLE `users`
  ADD PRIMARY KEY (`id`),
  ADD UNIQUE KEY `username` (`username`),
  ADD UNIQUE KEY `email` (`email`),
  ADD KEY `fk_users_organization` (`organization_id`);

--
-- AUTO_INCREMENT for dumped tables
--

--
-- AUTO_INCREMENT for table `bank_deposits`
--
ALTER TABLE `bank_deposits`
  MODIFY `id` int(11) NOT NULL AUTO_INCREMENT, AUTO_INCREMENT=2;

--
-- AUTO_INCREMENT for table `organizations`
--
ALTER TABLE `organizations`
  MODIFY `id` int(11) NOT NULL AUTO_INCREMENT, AUTO_INCREMENT=3;

--
-- AUTO_INCREMENT for table `products`
--
ALTER TABLE `products`
  MODIFY `id` int(11) NOT NULL AUTO_INCREMENT, AUTO_INCREMENT=226;

--
-- AUTO_INCREMENT for table `product_inventory`
--
ALTER TABLE `product_inventory`
  MODIFY `id` int(11) NOT NULL AUTO_INCREMENT, AUTO_INCREMENT=261;

--
-- AUTO_INCREMENT for table `product_orders`
--
ALTER TABLE `product_orders`
  MODIFY `id` int(11) NOT NULL AUTO_INCREMENT, AUTO_INCREMENT=4;

--
-- AUTO_INCREMENT for table `spendings`
--
ALTER TABLE `spendings`
  MODIFY `id` int(11) NOT NULL AUTO_INCREMENT;

--
-- AUTO_INCREMENT for table `transactions`
--
ALTER TABLE `transactions`
  MODIFY `id` int(11) NOT NULL AUTO_INCREMENT, AUTO_INCREMENT=11;

--
-- AUTO_INCREMENT for table `transaction_items`
--
ALTER TABLE `transaction_items`
  MODIFY `id` int(11) NOT NULL AUTO_INCREMENT, AUTO_INCREMENT=21;

--
-- AUTO_INCREMENT for table `users`
--
ALTER TABLE `users`
  MODIFY `id` int(11) NOT NULL AUTO_INCREMENT, AUTO_INCREMENT=7;

--
-- Constraints for dumped tables
--

--
-- Constraints for table `bank_deposits`
--
ALTER TABLE `bank_deposits`
  ADD CONSTRAINT `fk_bank_deposits_organization` FOREIGN KEY (`organization_id`) REFERENCES `organizations` (`id`) ON DELETE CASCADE,
  ADD CONSTRAINT `fk_bank_deposits_user` FOREIGN KEY (`user_id`) REFERENCES `users` (`id`) ON DELETE CASCADE;

--
-- Constraints for table `organizations`
--
ALTER TABLE `organizations`
  ADD CONSTRAINT `organizations_ibfk_1` FOREIGN KEY (`owner_user_id`) REFERENCES `users` (`id`) ON DELETE SET NULL;

--
-- Constraints for table `products`
--
ALTER TABLE `products`
  ADD CONSTRAINT `fk_products_organization` FOREIGN KEY (`organization_id`) REFERENCES `organizations` (`id`) ON DELETE CASCADE;

--
-- Constraints for table `product_inventory`
--
ALTER TABLE `product_inventory`
  ADD CONSTRAINT `product_inventory_ibfk_1` FOREIGN KEY (`product_id`) REFERENCES `products` (`id`) ON DELETE CASCADE;

--
-- Constraints for table `product_orders`
--
ALTER TABLE `product_orders`
  ADD CONSTRAINT `fk_order_organization` FOREIGN KEY (`organization_id`) REFERENCES `organizations` (`id`) ON DELETE CASCADE,
  ADD CONSTRAINT `fk_order_product` FOREIGN KEY (`product_id`) REFERENCES `products` (`id`) ON DELETE CASCADE,
  ADD CONSTRAINT `fk_order_user` FOREIGN KEY (`user_id`) REFERENCES `users` (`id`) ON DELETE CASCADE;

--
-- Constraints for table `spendings`
--
ALTER TABLE `spendings`
  ADD CONSTRAINT `fk_spendings_organization` FOREIGN KEY (`organization_id`) REFERENCES `organizations` (`id`) ON DELETE CASCADE,
  ADD CONSTRAINT `spendings_user_fk` FOREIGN KEY (`user_id`) REFERENCES `users` (`id`) ON DELETE CASCADE;

--
-- Constraints for table `transaction_items`
--
ALTER TABLE `transaction_items`
  ADD CONSTRAINT `transaction_items_ibfk_1` FOREIGN KEY (`transaction_id`) REFERENCES `transactions` (`id`) ON DELETE CASCADE,
  ADD CONSTRAINT `transaction_items_ibfk_2` FOREIGN KEY (`product_id`) REFERENCES `products` (`id`);

--
-- Constraints for table `users`
--
ALTER TABLE `users`
  ADD CONSTRAINT `fk_users_organization` FOREIGN KEY (`organization_id`) REFERENCES `organizations` (`id`) ON DELETE CASCADE;
COMMIT;

/*!40101 SET CHARACTER_SET_CLIENT=@OLD_CHARACTER_SET_CLIENT */;
/*!40101 SET CHARACTER_SET_RESULTS=@OLD_CHARACTER_SET_RESULTS */;
/*!40101 SET COLLATION_CONNECTION=@OLD_COLLATION_CONNECTION */;
